,audio_representation,program_statement
0,"[-3.1684348e+02  1.1318775e+02 -2.7995365e+01  2.8019724e+01
 -1.5112314e+00 -1.3942804e+01 -6.1020169e+00 -1.1647614e+01
 -2.3344122e+01  4.2101979e+00 -1.5322561e+01  1.0340075e+01
 -7.4458609e+00  6.7848396e-01  6.4235492e+00 -1.2268181e+01
  1.5188828e+00 -7.5274696e+00 -7.0257597e+00 -6.8495960e+00
 -1.1691192e+00 -1.0343516e+01  1.4498497e+00 -3.0560219e+00
  5.8789575e-01  2.8663366e+00  1.6001469e-01  5.4054189e+00
  9.3727225e-01  2.6588919e+00  4.6734824e+00  5.4356613e+00
  5.4423704e+00  8.8752928e+00  2.9775047e+00  6.0361290e+00
 -5.2764940e-01  3.7212954e+00  5.1977601e+00  5.7663674e+00]",i =0
